<core:FragmentDefinition xmlns="sap.m"
	xmlns:exa="SLFiori.controls" xmlns:core="sap.ui.core" xmlns:c="sap.ui.core"
	xmlns:l="sap.ui.layout" xmlns:f="sap.ui.layout.form" xmlns:ui="sap.ui"
	xmlns:app="http://schemas.sap.com/sapui5/extension/sap.ui.core.CustomData/1">
	<Dialog showHeader="true" title="Reimbursement" class="sapUiSizeCompact"
		contentHeight="auto" contentWidth="90%">
		
		<subHeader class="sapUiSmallMarginBegin">
			<Toolbar>
				<SearchField
					liveChange="onFreezeSearch"
					width="50%"/>
			</Toolbar>
		</subHeader>
		
		<content>
			<Table id="GetERTableBack" mode="SingleSelectMaster" inset="false" itemPress="handleEROk" items="{/ERListBack}">
				<columns>
					<Column minScreenWidth="Tablet" demandPopin="true" >
						<Text text="Internal ID" />
					</Column>
					<Column minScreenWidth="Tablet" demandPopin="true">
						<Text text="Request Type" />
					</Column>
					<Column minScreenWidth="Tablet" demandPopin="true">
						<Text text="Request Date" />
					</Column>
					<Column minScreenWidth="Tablet" demandPopin="true">
						<Text text="Requester Name" />
					</Column>
					<Column minScreenWidth="Tablet" demandPopin="true">
						<Text text="Expenses Subsidary" />
					</Column>
					
				</columns>
				<items>
					<ColumnListItem type="Active">
						<cells>
							<Text text="{DocEntry}" />
							<Text text="{U_ReqTyp}" />
							<Text text="{U_ReqDate}" />
							<Text text="{U_ReqName}" />
							<Text text="{U_ExpSubNm}" />
						</cells>
					</ColumnListItem>
				</items>
			</Table>
		</content>
    <buttons>
        <!--<Button text="View /Edit" press="handleEROk" />-->
        <Button text="Close" press="handleERClose" />
        <!--<Button text="Add New Entry" press="handleNewCREntry" />-->
    </buttons>
	</Dialog>

</core:FragmentDefinition>