<core:FragmentDefinition xmlns="sap.m"
	xmlns:exa="SLFiori.controls" xmlns:core="sap.ui.core" xmlns:c="sap.ui.core"
	xmlns:l="sap.ui.layout" xmlns:f="sap.ui.layout.form" xmlns:ui="sap.ui"
	xmlns:app="http://schemas.sap.com/sapui5/extension/sap.ui.core.CustomData/1">
	<Dialog showHeader="true" title="Grant Allocation" class="sapUiSizeCompact"
		contentHeight="auto" contentWidth="90%">
		
		<subHeader class="sapUiSmallMarginBegin">
			<Toolbar>
				<SearchField
					liveChange="onAllocationSearch"
					width="50%"/>
			</Toolbar>
		</subHeader>
		
		<content>
			<Table id="GetAllocationTable" mode="SingleSelectMaster" inset="false" itemPress="handleAllocationOk" items="{/AllocationList}">
				<columns>
					<Column minScreenWidth="Tablet" demandPopin="true" >
						<Text text="Internal ID" />
					</Column>
					<!--<Column minScreenWidth="Tablet" demandPopin="true">
						<Text text="Grant Code"/>
					</Column>-->
					<Column minScreenWidth="Tablet" demandPopin="true">
						<Text text="Grant Name" />
					</Column>
					<!--<Column minScreenWidth="Tablet" demandPopin="true">
						<Text text="Donor Code" />
					</Column>-->
					<Column minScreenWidth="Tablet" demandPopin="true">
						<Text text="Donor Name" />
					</Column>
					<!--<Column minScreenWidth="Tablet" demandPopin="true">
						<Text text="Grant Type" />
					</Column>
					<Column minScreenWidth="Tablet" demandPopin="true">
						<Text text="Grant Currency" />
					</Column>-->
					
				</columns>
				<items>
					<ColumnListItem type="Active">
						<cells>
							<Text text="{DocEntry}" />
							<Text text="{U_GName}" />
							<Text text="{U_DnrNam}" />
							<!--<Text text="{U_GCType}" />
							<Text text="{U_GrantCur}" />-->
						</cells>
					</ColumnListItem>
				</items>
			</Table>
		</content>
    <buttons>
        <!--<Button text="View /Edit" press="handleAllocationOk" />-->
        <Button text="Close" press="handleAllocationClose" />
        <Button text="Add New Entry" press="handleNewAllocationEntry" />
    </buttons>
	</Dialog>

</core:FragmentDefinition>