<core:FragmentDefinition xmlns="sap.m"
	xmlns:exa="org.edu.ui.controls" xmlns:core="sap.ui.core" xmlns:c="sap.ui.core"
	xmlns:l="sap.ui.layout" xmlns:f="sap.ui.layout.form" xmlns:ui="sap.ui"
	xmlns:app="http://schemas.sap.com/sapui5/extension/sap.ui.core.CustomData/1">
	<Dialog showHeader="false" class="sapUiSizeCompact"
		contentHeight="auto" contentWidth="90%">
		<subHeader class="sapUiSmallMarginBegin">
			<Toolbar>
				<SearchField
					liveChange="onSearch"
					width="50%"/>
			</Toolbar>
		</subHeader>
		<content>
			<Table id="DonorListTable" mode="SingleSelectMaster" inset="false" items="{/DonorList}">
				<columns>
				    <Column minScreenWidth="Tablet" demandPopin="true" visible="hidden">
						<Text text="COL" />
					</Column>
					<Column minScreenWidth="Tablet" demandPopin="true">
						<Text text="CustomerCode" />
					</Column>
					<Column minScreenWidth="Tablet" demandPopin="true">
						<Text text="CustomerName" />
					</Column>
					<Column minScreenWidth="Tablet" demandPopin="true">
						<Text text="Contact No." />
					</Column>
					<Column minScreenWidth="Tablet" demandPopin="true">
						<Text text="EMail" />
					</Column>
					<!--<Column minScreenWidth="Tablet" demandPopin="true">
						<Text text="ContactPerson" />
					</Column>
					<Column minScreenWidth="Tablet" demandPopin="true">
						<Text text="ContactNo." />
					</Column>-->
				</columns>
				<items>
					<ColumnListItem>
						<cells>
					    	<Text text="{COL}" />
							<Text text="{CardCode}" />
							<Text text="{CardName}" />
							<Text text="{Cellular}" />
							<Text text="{E_Mail}" />
							<!--<Text text="{CntctPrsn}" />
							<Text text="{Cellular}" />-->
						</cells>
					</ColumnListItem>
				</items>
			</Table>
		</content>
    <buttons>
        <Button text="View /Edit" press="handleCustOk" />
        <Button text="Close" press="handleCustClose" />
        <!--<Button text="Add New Entry" press="handleAddNewDonor" />-->
    </buttons>
	</Dialog>

</core:FragmentDefinition>