<core:FragmentDefinition
	xmlns="sap.m"
	xmlns:core="sap.ui.core"
	xmlns:l="sap.ui.layout" xmlns:f="sap.ui.layout.form" xmlns:ui="sap.ui"
	xmlns:app="http://schemas.sap.com/sapui5/extension/sap.ui.core.CustomData/1">
	<TableSelectDialog
		noDataText="No Grants Found"
		title="Select Grant Details"
		search="onDim1Search1"
		liveChange="onDim1Search"
		confirm="handleCostCentersOk"
		cancel="handleCostCentersClose"
		items="{
			path : '/CostCentersList'
		}">
		<ColumnListItem>
			<cells>
				<Text text="{Code}" />
							<Text text="{Name}" />
							<Text text="{U_IKGRCUR}" />
							<Text text="{U_IKMAN}" />
					    	<Text text="{U_IKGRRS}" />
			</cells>
		</ColumnListItem>
		<columns>
			<Column width="7em">
				<header>
					<Text text="Grant Code" />
				</header>
			</Column>
			<Column
				minScreenWidth="Tablet"
				demandPopin="true" >
				<header>
					<Text text="Grant Name" />
				</header>
			</Column>
			<Column
				minScreenWidth="Tablet"
				demandPopin="true"
				hAlign="Left">
				<header>
					<Text text="Currency" />
				</header>
			</Column>
			<Column
				minScreenWidth="Tablet"
				demandPopin="true"
				hAlign="Left">
				<header>
					<Text text="Manager" />
				</header>
			</Column>
			<Column hAlign="Left">
				<header>
					<Text text="Restriction" />
				</header>
			</Column>
		</columns>
		
	</TableSelectDialog>
	

</core:FragmentDefinition>