<core:FragmentDefinition xmlns="sap.m"
	xmlns:core="sap.ui.core"
	xmlns:l="sap.ui.layout" xmlns:f="sap.ui.layout.form" xmlns:ui="sap.ui"
	xmlns:app="http://schemas.sap.com/sapui5/extension/sap.ui.core.CustomData/1">
	<Dialog showHeader="true" title="Funding Source Code" class="sapUiSizeCompact"
		contentHeight="auto" contentWidth="90%">
		
		<subHeader class="sapUiSmallMarginBegin">
			<Toolbar>
				<SearchField
					liveChange="onDim1Search"
					width="50%"/>
			</Toolbar>
		</subHeader>
		
		<content>
		
			<Table id="CostCentersListTableBack" mode="SingleSelectMaster" inset="false" itemPress="handleCostCentersOk" items="{/CostCentersListBack}">
				<columns>
					<Column minScreenWidth="Tablet" width="12%" demandPopin="true">
						<Text text="Grant Code" />
					</Column>
					<Column minScreenWidth="Tablet" width="35%" demandPopin="true">
						<Text text="Grant Name " />
					</Column>
					<Column minScreenWidth="Tablet" width="10%" demandPopin="true">
						<Text text="Currency" />
					</Column>
					<Column minScreenWidth="Tablet" width="10%" demandPopin="true">
						<Text text="Manager" />
					</Column>
					<!--<Column minScreenWidth="Tablet" width="43%" demandPopin="true">
						<Text text="Extended Text" />
					</Column>-->
					<Column minScreenWidth="Tablet" width="25%" demandPopin="true">
						<Text text="Restriction" />
					</Column>
				</columns>
				<items>
					<ColumnListItem type="Active">
						<cells>
							<Text text="{Code}" />
							<Text text="{Name}" />
							<Text text="{U_IKGRCUR}" />
							<Text text="{U_IKMAN}" />
						<!--  <Text text="{U_IKEXTTXT}" />-->
						<Text text="{U_IKGRRS}" />
						</cells>
					</ColumnListItem>
				</items>
			</Table>
		</content>
    <buttons>
        <!--<Button text="View / Edit" press="handleCostCentersOk" />-->
        <Button text="Close" press="handleCostCentersClose" />
        <!--<Button text="Add New Grant" press="handleNewGrantCode" />-->
    </buttons>
	</Dialog>

</core:FragmentDefinition>